dimensions/height,dimensions/width,display_url,edge_liked_by/count,edge_media_preview_like/count,edge_media_to_caption/edges/0/node/text,edge_media_to_comment/count,id,is_video,location/address_json,location/has_public_page,location/id,location/name,location/slug,owner/id,shortcode,taken_at_timestamp,thumbnail_resources/0/config_height,thumbnail_resources/0/config_width,thumbnail_resources/0/src,thumbnail_resources/1/config_height,thumbnail_resources/1/config_width,thumbnail_resources/1/src,thumbnail_resources/2/config_height,thumbnail_resources/2/config_width,thumbnail_resources/2/src,thumbnail_resources/3/config_height,thumbnail_resources/3/config_width,thumbnail_resources/3/src,thumbnail_resources/4/config_height,thumbnail_resources/4/config_width,thumbnail_resources/4/src,thumbnail_src,urls/0,tags/0,tags/1,location,tags/2,tags/3,tags/4,tags/5,tags/6,tags/7,tags/8,urls/1,urls/2,urls/3,urls/4,urls/5,urls/6,urls/7,urls/8,urls/9,comments_disabled,tags/9,tags/10,tags/11,tags/12,tags/13,tags/14,tags/15,tags/16,tags/17,tags/18,tags/19,tags/20,tags/21,tags/22,tags/23,tags/24,tags/25,tags/26,tags/27,tags/28
1350,1080,https://instagram.fplu4-1.fna.fbcdn.net/vp/05dee0f907052b5189893df50322dde8/5C766BDF/t51.2885-15/e35/43732660_1402632263205143_8162628216743081127_n.jpg,2246,2246,"Aqui o cora√ß√£o √© de sereia üßúüèª‚Äç‚ôÄÔ∏è üíï
.
.
üëô@marcyn_online",37,1910237426188351086,false,"{""street_address"": ""Rod. AL 220 KM 03"", ""zip_code"": ""57180-000"", ""city_name"": ""Barra de S\u00e3o Miguel, Alagoas"", ""region_name"": """", ""country_code"": ""BR"", ""exact_city_match"": false, ""exact_region_match"": false, ""exact_country_match"": false}",true,962695650,Gungaporanga Hotel,gungaporanga-hotel,2660094,BqChtF4nPZu,1541938068,150,150,https://instagram.fplu4-1.fna.fbcdn.net/vp/9938bef6083d750c8a9b412197dcb449/5C791ED0/t51.2885-15/e35/c0.135.1080.1080/s150x150/43732660_1402632263205143_8162628216743081127_n.jpg,240,240,https://instagram.fplu4-1.fna.fbcdn.net/vp/feae6b1b2fd5b7297ebcf5bec0c2d094/5C667DD6/t51.2885-15/e35/c0.135.1080.1080/s240x240/43732660_1402632263205143_8162628216743081127_n.jpg,320,320,https://instagram.fplu4-1.fna.fbcdn.net/vp/a1583a13abe8e0461f8d555122167e8b/5C7C53A8/t51.2885-15/e35/c0.135.1080.1080/s320x320/43732660_1402632263205143_8162628216743081127_n.jpg,480,480,https://instagram.fplu4-1.fna.fbcdn.net/vp/db3358779c5916d5338574cc6c304360/5C6E5AEF/t51.2885-15/e35/c0.135.1080.1080/s480x480/43732660_1402632263205143_8162628216743081127_n.jpg,640,640,https://instagram.fplu4-1.fna.fbcdn.net/vp/24323f077f2fdda6a15a2d7dcb745b35/5C77CF47/t51.2885-15/sh0.08/e35/c0.135.1080.1080/s640x640/43732660_1402632263205143_8162628216743081127_n.jpg,https://instagram.fplu4-1.fna.fbcdn.net/vp/24323f077f2fdda6a15a2d7dcb745b35/5C77CF47/t51.2885-15/sh0.08/e35/c0.135.1080.1080/s640x640/43732660_1402632263205143_8162628216743081127_n.jpg,https://instagram.fplu4-1.fna.fbcdn.net/vp/05dee0f907052b5189893df50322dde8/5C766BDF/t51.2885-15/e35/43732660_1402632263205143_8162628216743081127_n.jpg,,,,,,,,,,,,,,,,,,,,,,,,,,,,,,,,,,,,,,,,
1321,1080,https://instagram.fplu4-1.fna.fbcdn.net/vp/a09054793bd70aa10e88b24f20cd6629/5C6F7919/t51.2885-15/e35/44421099_2145348432372029_2271306877026219225_n.jpg,13518,13518,"üåç @clare.elizabetth is Not Lost üåç in Torrevieja, Spain #sheisnotlost ph by @andy.johanesen",243,1909257355973236254,false,"{""street_address"": ""Calle Luna"", ""zip_code"": ""03184"", ""city_name"": ""Torrevieja"", ""region_name"": """", ""country_code"": ""ES"", ""exact_city_match"": false, ""exact_region_match"": false, ""exact_country_match"": false}",true,261152336,Laguna Rosa,laguna-rosa,2206246758,Bp_C3MXlhYe,1541821234,150,150,https://instagram.fplu4-1.fna.fbcdn.net/vp/072a825726bf0a1c47b4cc2c7c6c2c16/5C837D1F/t51.2885-15/e35/c0.120.1080.1080/s150x150/44421099_2145348432372029_2271306877026219225_n.jpg,240,240,https://instagram.fplu4-1.fna.fbcdn.net/vp/d7aca1d17b8a5a3a3fad11ad844f6e98/5C82DB19/t51.2885-15/e35/c0.120.1080.1080/s240x240/44421099_2145348432372029_2271306877026219225_n.jpg,320,320,https://instagram.fplu4-1.fna.fbcdn.net/vp/e9f222149722f2c1fbf553549db0f84e/5C8ABC67/t51.2885-15/e35/c0.120.1080.1080/s320x320/44421099_2145348432372029_2271306877026219225_n.jpg,480,480,https://instagram.fplu4-1.fna.fbcdn.net/vp/25ae982b61534e94fea4e8ea9d5fb35c/5C7DE520/t51.2885-15/e35/c0.120.1080.1080/s480x480/44421099_2145348432372029_2271306877026219225_n.jpg,640,640,https://instagram.fplu4-1.fna.fbcdn.net/vp/e27e9dfb1a48ec761de8a10351e4d837/5C6E5988/t51.2885-15/sh0.08/e35/c0.120.1080.1080/s640x640/44421099_2145348432372029_2271306877026219225_n.jpg,https://instagram.fplu4-1.fna.fbcdn.net/vp/e27e9dfb1a48ec761de8a10351e4d837/5C6E5988/t51.2885-15/sh0.08/e35/c0.120.1080.1080/s640x640/44421099_2145348432372029_2271306877026219225_n.jpg,https://instagram.fplu4-1.fna.fbcdn.net/vp/a09054793bd70aa10e88b24f20cd6629/5C6F7919/t51.2885-15/e35/44421099_2145348432372029_2271306877026219225_n.jpg,sheisnotlost,,,,,,,,,,,,,,,,,,,,,,,,,,,,,,,,,,,,,,,
1350,1080,https://instagram.fplu4-1.fna.fbcdn.net/vp/6daf184c40bdf4b6fa7a03e73a5d9de1/5C67ED10/t51.2885-15/e35/46128691_263034564401472_4701434737487004537_n.jpg,3721,3721,"üåé @carinaotero is Not Lost üåé on Oahu, Hawaii @alohilaniresort to #seemoretastemore 
@hawaiianairlines @avis #sheisnotlost",75,1909980166329060978,false,"{""street_address"": ""2490 Kalakaua Ave"", ""zip_code"": ""96815"", ""city_name"": ""Honolulu, Hawaii"", ""region_name"": """", ""country_code"": ""US"", ""exact_city_match"": false, ""exact_region_match"": false, ""exact_country_match"": false}",true,214223942,Alohilani Resort Waikiki Beach,alohilani-resort-waikiki-beach,2206246758,BqBnNd-Fc5y,1541907400,150,150,https://instagram.fplu4-1.fna.fbcdn.net/vp/1da89f54e82c953c33030987a4a95eea/5C742148/t51.2885-15/e35/c0.135.1080.1080/s150x150/46128691_263034564401472_4701434737487004537_n.jpg,240,240,https://instagram.fplu4-1.fna.fbcdn.net/vp/592dd95bbf0fdf13cdf38325a17961f6/5C6E3802/t51.2885-15/e35/c0.135.1080.1080/s240x240/46128691_263034564401472_4701434737487004537_n.jpg,320,320,https://instagram.fplu4-1.fna.fbcdn.net/vp/fcb3a72b038503fa9e95aaf6c5347d36/5C85C9B8/t51.2885-15/e35/c0.135.1080.1080/s320x320/46128691_263034564401472_4701434737487004537_n.jpg,480,480,https://instagram.fplu4-1.fna.fbcdn.net/vp/e003bb35455e6a18e47332925b30ddb1/5C881BE2/t51.2885-15/e35/c0.135.1080.1080/s480x480/46128691_263034564401472_4701434737487004537_n.jpg,640,640,https://instagram.fplu4-1.fna.fbcdn.net/vp/a6aa81b2ef0365ab472e6f9844303f44/5C69D553/t51.2885-15/sh0.08/e35/c0.135.1080.1080/s640x640/46128691_263034564401472_4701434737487004537_n.jpg,https://instagram.fplu4-1.fna.fbcdn.net/vp/a6aa81b2ef0365ab472e6f9844303f44/5C69D553/t51.2885-15/sh0.08/e35/c0.135.1080.1080/s640x640/46128691_263034564401472_4701434737487004537_n.jpg,https://instagram.fplu4-1.fna.fbcdn.net/vp/6daf184c40bdf4b6fa7a03e73a5d9de1/5C67ED10/t51.2885-15/e35/46128691_263034564401472_4701434737487004537_n.jpg,seemoretastemore,sheisnotlost,,,,,,,,,,,,,,,,,,,,,,,,,,,,,,,,,,,,,,
1080,1080,https://instagram.fplu4-1.fna.fbcdn.net/vp/2b3f129b8ec5eefd4de9680840338385/5C638FA9/t51.2885-15/e35/43985368_1183842475115027_5941848124218285481_n.jpg,3169,3169,"PI - Lu√≠s Correia, Praia do Coqueiro

Aimber√™ Eco Resort @aimberehotel

Localizado na Praia do Coqueiro, no litoral do Piau√≠, o Aimber√™ Eco Resort Hotel oferece para voc√™ e toda sua fam√≠lia estadias espetaculares para aproveitar as del√≠cias mais raras do litoral piauiense, com praias de √°guas mornas e tranquilas, areias brancas e brisa suave.
S√£o cen√°rios que surpreendem, trajetos que instigam e desvendam os ambientes, exibindo toda a for√ßa da arquitetura que emoldura este Resort. ""A atmosfera √© amig√°vel e aconchegante"". No Aimber√™ Eco Resort Hotel, voc√™ se sente em casa. Nossa equipe realmente aprecia t√™-lo como hospede.
√â nesse para√≠so que est√° o Aimber√™ Eco Resort Hotel, unindo charme, requinte visual e muita individualidade em cada ambiente, com atendimento personalizado para voc√™ ficar √† vontade e desfrutar o melhor litoral piauiense. Com clima de merecido descanso, que o Aimber√™ Resort aguarda voc√™.
Um Resort para todos os desejos. S√£o atrativos que moldam seus olhos para proporcionar tesouros sem concorrentes.
Um local sem polui√ß√£o, tumultos, viol√™ncias, sob o sol de ver√£o do Piau√≠ e um imenso c√©u azul, est√£o as dunas, o mar, a piscina e toda a nossa alegria. A Aldeia do Coqueiro ilumina os ambientes deste Resort. Em volumes bem definidos, o projeto atende com conforto e funcionalidade.

Di√°rias a partir de R$ 320,00

Informa√ß√µes e Reservas: (86) 3366-1143
WhatsApp: (86) 99427-7241

#luiscorreia #piaui #aimbere #amoviajar #viajarfazbem #top #brasil #praiadocoqueiro #resort",52,1909660808523196245,false,,,,,,2143163937,BqAemM1gqdV,1541869329,150,150,https://instagram.fplu4-1.fna.fbcdn.net/vp/73b3e36641b338fea6f3fbb8b4759da3/5C83A196/t51.2885-15/e35/s150x150/43985368_1183842475115027_5941848124218285481_n.jpg,240,240,https://instagram.fplu4-1.fna.fbcdn.net/vp/0d3155a5f96136af7d46c62b2dda16d9/5C83FD90/t51.2885-15/e35/s240x240/43985368_1183842475115027_5941848124218285481_n.jpg,320,320,https://instagram.fplu4-1.fna.fbcdn.net/vp/ec0c5152be4cb876fa8b8825cc15a8aa/5C7EF1EE/t51.2885-15/e35/s320x320/43985368_1183842475115027_5941848124218285481_n.jpg,480,480,https://instagram.fplu4-1.fna.fbcdn.net/vp/b0f7ee4c0fd47223014a183048dfbcc7/5C895AA9/t51.2885-15/e35/s480x480/43985368_1183842475115027_5941848124218285481_n.jpg,640,640,https://instagram.fplu4-1.fna.fbcdn.net/vp/fd2379b7e70afac78dbd42fdec3d27b8/5C687613/t51.2885-15/sh0.08/e35/s640x640/43985368_1183842475115027_5941848124218285481_n.jpg,https://instagram.fplu4-1.fna.fbcdn.net/vp/fd2379b7e70afac78dbd42fdec3d27b8/5C687613/t51.2885-15/sh0.08/e35/s640x640/43985368_1183842475115027_5941848124218285481_n.jpg,https://instagram.fplu4-1.fna.fbcdn.net/vp/2b3f129b8ec5eefd4de9680840338385/5C638FA9/t51.2885-15/e35/43985368_1183842475115027_5941848124218285481_n.jpg,viajarfazbem,brasil,,aimbere,top,piaui,amoviajar,resort,praiadocoqueiro,luiscorreia,https://instagram.fplu4-1.fna.fbcdn.net/vp/f5f5d84c5c1b4e6ba25026d8b61f127a/5C81984D/t51.2885-15/e35/44885404_762675387416843_2980655132699191353_n.jpg,https://instagram.fplu4-1.fna.fbcdn.net/vp/e129c65f151f2fd3aa04c1f5622c151a/5C87DE15/t51.2885-15/e35/44206584_553953278403195_378218094657927792_n.jpg,https://instagram.fplu4-1.fna.fbcdn.net/vp/aa2799f5b44ad9846d9d130be6956d44/5C82CDB2/t51.2885-15/e35/44518840_260438517997366_3236286176775712698_n.jpg,https://instagram.fplu4-1.fna.fbcdn.net/vp/b32e5d0c94b2714af229d8611bdb6c52/5C75A90D/t51.2885-15/e35/44631402_336497316930038_8679872335166698510_n.jpg,https://instagram.fplu4-1.fna.fbcdn.net/vp/6dbcdaf71eddda4173232c04df2572dd/5C88F39E/t51.2885-15/e35/44306735_312945346210646_9044462821063874686_n.jpg,https://instagram.fplu4-1.fna.fbcdn.net/vp/7604f97cf0eb9d360ced1a4e9fe5b583/5C78F244/t51.2885-15/e35/43747099_347686455979485_4633463492764300889_n.jpg,https://instagram.fplu4-1.fna.fbcdn.net/vp/df04a8505f10c90565a9380357dd9c1d/5C685C20/t51.2885-15/e35/44465593_292223314960281_4281317385748093566_n.jpg,https://instagram.fplu4-1.fna.fbcdn.net/vp/4df20202380912bbfe8486bed4e98fb6/5C64A68F/t51.2885-15/e35/44300664_137393613905590_4235274657627058207_n.jpg,https://instagram.fplu4-1.fna.fbcdn.net/vp/9436e9663c4d7204c5895151b2f4d533/5C8334A6/t51.2885-15/e35/45752260_335326690577666_2274237717232380035_n.jpg,,,,,,,,,,,,,,,,,,,,,
999,1080,https://instagram.fplu4-1.fna.fbcdn.net/vp/4f202313f4cb1568a3c13f098601b81b/5C86DDA6/t51.2885-15/e35/43308396_193265031499393_7901276274472941110_n.jpg,0,0,"Trastevere um bairro incr√≠vel, da pra ir a p√© explorando a cidade, cheio de bares e restaurantes descolados com √≥timos Custos #instamoment #instalike #instagram #instagood #instaphoto #amoviajar #viajandopelomundo #italiatrip #instatravel #instatravelling #turismo #turistando #canaloff #wandertravel #wanderlust #cultura #viajandopelomundo #viajantes #amoitaliaüáÆüáπ #lugaresperdidos #lugaresincriveis #lugareslindos #lugaresbonitos #querovoltar #eurotrip2018 #triptravel",0,1910385851961267004,false,"{""street_address"": ""Piazza Trilussa, Roma"", ""zip_code"": ""00153"", ""city_name"": ""Rome, Italy"", ""region_name"": """", ""country_code"": ""IT"", ""exact_city_match"": false, ""exact_region_match"": false, ""exact_country_match"": false}",true,213176812,"Trastevere, Rome",trastevere-rome,271214438,BqDDc-KFVM8,1541955761,150,150,https://instagram.fplu4-1.fna.fbcdn.net/vp/1a3cc59d2224f6a9e64d51ddc8cef6b4/5C6F4C74/t51.2885-15/e35/c40.0.999.999/s150x150/43308396_193265031499393_7901276274472941110_n.jpg,240,240,https://instagram.fplu4-1.fna.fbcdn.net/vp/9e36049e2969d90782af2b2162bdd8e8/5C6F073E/t51.2885-15/e35/c40.0.999.999/s240x240/43308396_193265031499393_7901276274472941110_n.jpg,320,320,https://instagram.fplu4-1.fna.fbcdn.net/vp/bf6f96fed4311b7e39434b0d973d8c45/5C698A84/t51.2885-15/e35/c40.0.999.999/s320x320/43308396_193265031499393_7901276274472941110_n.jpg,480,480,https://instagram.fplu4-1.fna.fbcdn.net/vp/c6e4a971c5a777c2681d7ce11be11a20/5C63F8DE/t51.2885-15/e35/c40.0.999.999/s480x480/43308396_193265031499393_7901276274472941110_n.jpg,640,640,https://instagram.fplu4-1.fna.fbcdn.net/vp/df79cf7f945acf6f86ddd8e1a04558b0/5C879A3D/t51.2885-15/sh0.08/e35/c40.0.999.999/s640x640/43308396_193265031499393_7901276274472941110_n.jpg,https://instagram.fplu4-1.fna.fbcdn.net/vp/df79cf7f945acf6f86ddd8e1a04558b0/5C879A3D/t51.2885-15/sh0.08/e35/c40.0.999.999/s640x640/43308396_193265031499393_7901276274472941110_n.jpg,https://instagram.fplu4-1.fna.fbcdn.net/vp/4f202313f4cb1568a3c13f098601b81b/5C86DDA6/t51.2885-15/e35/43308396_193265031499393_7901276274472941110_n.jpg,instagram,instalike,,viajandopelomundo,cultura,instatravelling,viajantes,querovoltar,italiatrip,wanderlust,https://instagram.fplu4-1.fna.fbcdn.net/vp/a2046df7ed11f2f5e4c3e642a65e001f/5C6CEA83/t51.2885-15/e35/43638147_1914072112022194_2355599520251821658_n.jpg,https://instagram.fplu4-1.fna.fbcdn.net/vp/bc13a2cfea8b3c0d52437fa2eaa15bac/5C706CA9/t51.2885-15/e35/43984768_288213801827945_4690743672528629578_n.jpg,https://instagram.fplu4-1.fna.fbcdn.net/vp/d59f5b5b4f28bd8839349efb04a39f6b/5C718678/t51.2885-15/e35/43736494_2130313057230821_5810402453873419503_n.jpg,https://instagram.fplu4-1.fna.fbcdn.net/vp/e1292497c50783cb39f9406e3556123f/5C86F074/t51.2885-15/e35/43357493_264152310910626_9188249247061909954_n.jpg,https://instagram.fplu4-1.fna.fbcdn.net/vp/0336c81d06add37b0cac5de882a5a848/5C7C8E58/t51.2885-15/e35/44856241_513582592450090_4578031557896634116_n.jpg,https://instagram.fplu4-1.fna.fbcdn.net/vp/f85565982329061594d255db630c3778/5C69BB10/t51.2885-15/e35/44489562_102206564092344_7504168816772109571_n.jpg,https://instagram.fplu4-1.fna.fbcdn.net/vp/a0d6a98d850b0abe4ebe74068c64ee38/5C84E9C7/t51.2885-15/e35/44292634_1902599403151619_4259387684337544448_n.jpg,https://instagram.fplu4-1.fna.fbcdn.net/vp/e90e95de334d08c2180d89108b5e67b9/5C813DBB/t51.2885-15/e35/44490229_741751736189743_6950715526641639137_n.jpg,https://instagram.fplu4-1.fna.fbcdn.net/vp/22ad809ae240a40c5ef4ddb2e023f239/5C77B470/t51.2885-15/e35/44367894_700196530379584_8455594061179348921_n.jpg,false,canaloff,wandertravel,turismo,lugaresperdidos,eurotrip2018,lugaresbonitos,lugareslindos,turistando,amoitalia,amoviajar,instaphoto,instatravel,instamoment,triptravel,lugaresincriveis,instagood,,,,
1079,1080,https://instagram.fplu4-1.fna.fbcdn.net/vp/1e70fbb55314814ae1a5fcff6f8dc9ab/5C682F81/t51.2885-15/e35/44917782_1617465288353833_7895351373094895922_n.jpg,2,2,"~ Bonete Amarillo ~.
üëâüèª En las afueras de Lhasa visitamos  los monasterios de Sera y Drepung de la secta gelupta (bonete amarillo), con sus lindos predios, mandalas, pinturas y escrituras. Pero lo que mas llama la atenci√≥n es sin duda el m√©todo de debate de los monjes, en donde quien hace las preguntas confirma si la respuesta del defensor es correcta o incorrecta con gesticulaciones diferentes. Si la mano derecha va hacia la palma izquierda, la respuesta es correcta; pero si se generan tres circulos con la mano alrededor de la cabeza del defensor, querr√° decir que √©ste se llevar√° filosof√≠a budista a Diciembreüòú. Hubiese sido divertido verla a Susana aplicando este m√©todo en ‚ÄúEl imbatible‚Äù, no?üòÇ.
Puntaje: üê≤üê≤üê≤üê≤üê≤.
üëâüèª Nos arredores de Lhasa visitamos os monast√©rios de Sera e Drepung, da seita gelupta (bonete amarelo), com seus lindos pr√©dios, mandalas, pinturas e escritos. M√°s o que mais chamou nossa aten√ß√£o foi sem d√∫vida o m√©todo de debate d√≥s monges onde quem faz as perguntas confirma si a resposta do defensor foi correta ou incorreta a traves de gestos diferentes. Se a m√£o direita vai para a palma da m√£o esquerda, a resposta est√° correta; mas se tr√™s c√≠rculos s√£o gerados com a m√£o em volta da cabe√ßa do defensor, isso significa que ele n√£o aprovar√° a proba sobre filosof√≠a budistaüòú. Teria sido divertido assistir a Susana aplicando esse m√©todo no ‚ÄúEl imbatible‚Äù, n√£o √©? üòÇ. Pontua√ß√£o: üê≤üê≤üê≤üê≤üê≤.
.
.
.
#Lavidaesunviajesv #sebayvane #lovetravel #travelphotography #fotografiadeviajes  #aventura #adventure #explore #outdoors #viverviajando #destinosimperdiveis #nature #vivirviajando #amoviajar #mochileros #mochil√£oasiatico #descubriendoelmundo #viajeros #tibetanmonastery #travellers #asia #geluptasect #continenteasiatico #tibet #boneteamarillo #monjes #tibetanculture #monks",0,1910385782905334232,false,"{""street_address"": """", ""zip_code"": ""850000"", ""city_name"": ""Lhasa"", ""region_name"": """", ""country_code"": ""CN"", ""exact_city_match"": true, ""exact_region_match"": false, ""exact_country_match"": false}",true,252921840,Lhasa,lhasa,8931964970,BqDDb92B2nY,1541955753,150,150,https://instagram.fplu4-1.fna.fbcdn.net/vp/4e00763829fad16ee5b53a366c27097f/5C6945F6/t51.2885-15/e35/c0.0.1079.1079/s150x150/44917782_1617465288353833_7895351373094895922_n.jpg,240,240,https://instagram.fplu4-1.fna.fbcdn.net/vp/61d4f31ad4e58d4200a55267d90c6dff/5C87ABF0/t51.2885-15/e35/c0.0.1079.1079/s240x240/44917782_1617465288353833_7895351373094895922_n.jpg,320,320,https://instagram.fplu4-1.fna.fbcdn.net/vp/34f1c6004d6ac1a393f063b0c1cfb26e/5C80C48E/t51.2885-15/e35/c0.0.1079.1079/s320x320/44917782_1617465288353833_7895351373094895922_n.jpg,480,480,https://instagram.fplu4-1.fna.fbcdn.net/vp/a42287310331e0893ddaff9901a33d5e/5C78CFC9/t51.2885-15/e35/c0.0.1079.1079/s480x480/44917782_1617465288353833_7895351373094895922_n.jpg,640,640,https://instagram.fplu4-1.fna.fbcdn.net/vp/b0d4b66ddf3ec8e6b3d9c87bfcfd76f8/5C73D5C2/t51.2885-15/sh0.08/e35/c0.0.1079.1079/s640x640/44917782_1617465288353833_7895351373094895922_n.jpg,https://instagram.fplu4-1.fna.fbcdn.net/vp/b0d4b66ddf3ec8e6b3d9c87bfcfd76f8/5C73D5C2/t51.2885-15/sh0.08/e35/c0.0.1079.1079/s640x640/44917782_1617465288353833_7895351373094895922_n.jpg,https://instagram.fplu4-1.fna.fbcdn.net/vp/1e70fbb55314814ae1a5fcff6f8dc9ab/5C682F81/t51.2885-15/e35/44917782_1617465288353833_7895351373094895922_n.jpg,monks,tibetanculture,,aventura,descubriendoelmundo,tibetanmonastery,continenteasiatico,viverviajando,monjes,tibet,https://instagram.fplu4-1.fna.fbcdn.net/vp/bddf9e64bfe58078a242229fcd4878ba/5C6C24AE/t51.2885-15/e35/43755724_766813570326997_2423064094070893706_n.jpg,https://instagram.fplu4-1.fna.fbcdn.net/vp/a5211aa0a89e533854d4c59ec1373376/5C7DE8D3/t51.2885-15/e35/43533092_196336487946430_1133790279826673083_n.jpg,https://instagram.fplu4-1.fna.fbcdn.net/vp/a1d10eb7b072da85898e075a3b60de66/5C717893/t51.2885-15/e35/44315658_264067914454737_7483950709115085300_n.jpg,https://instagram.fplu4-1.fna.fbcdn.net/vp/b373ddfba1dc58249d24163fc6259af3/5C761856/t51.2885-15/e35/43137259_331044584390894_8899823471404265107_n.jpg,https://instagram.fplu4-1.fna.fbcdn.net/vp/ea3c159d05e8ca193c78014f103db6f5/5C771486/t51.2885-15/e35/44774037_548148072299712_6443283266733134844_n.jpg,https://instagram.fplu4-1.fna.fbcdn.net/vp/08cabdfd6d7e85635cdaf595789461d1/5C891BCC/t51.2885-15/e35/43185356_181359769464687_7195130064532103440_n.jpg,https://instagram.fplu4-1.fna.fbcdn.net/vp/aa086e4f4097ea71f2bb45b7987fef75/5C82BFEB/t51.2885-15/e35/44291416_141986816768046_2839157338654436796_n.jpg,https://instagram.fplu4-1.fna.fbcdn.net/vp/aedaf4bf52599262e5c751780bac0872/5C66701A/t51.2885-15/e35/44414213_178883206384605_5562945153577321512_n.jpg,https://instagram.fplu4-1.fna.fbcdn.net/vp/96151f380193606f0cca24c7db7b11d5/5C75DAA3/t51.2885-15/e35/44724241_256914404990408_8592921527513570255_n.jpg,false,lovetravel,viajeros,mochileros,asia,fotografiadeviajes,mochil√£oasiatico,nature,sebayvane,amoviajar,explore,adventure,travellers,Lavidaesunviajesv,vivirviajando,geluptasect,travelphotography,outdoors,boneteamarillo,destinosimperdiveis,
750,750,https://instagram.fplu4-1.fna.fbcdn.net/vp/6b48f693a69f1866579991fee47a131b/5C78947F/t51.2885-15/e35/44891365_254952428708420_4577589716061800483_n.jpg,1,1,"Uma das melhores praias do Brasil pra se surfar.
.
Com um dos melhores amigos,  Diogo (mais conhecido como ""Rabasteni"" rs) da @puresurfyoga
.
üèÑüòÉ
.",1,1910385666103863821,false,"{""street_address"": ""Rua Ana Maria Nunes"", ""zip_code"": ""88037-020"", ""city_name"": ""Florian\u00f3polis, Santa Catarina"", ""region_name"": """", ""country_code"": ""BR"", ""exact_city_match"": false, ""exact_region_match"": false, ""exact_country_match"": false}",true,1134199766615466,Praia do Rosa - Garopaba/SC,praia-do-rosa-garopabasc,1105892988,BqDDaREHmoN,1541955739,150,150,https://instagram.fplu4-1.fna.fbcdn.net/vp/619510a1f8a5f30977e0f97606896835/5C76193D/t51.2885-15/e35/s150x150/44891365_254952428708420_4577589716061800483_n.jpg,240,240,https://instagram.fplu4-1.fna.fbcdn.net/vp/47181ac2fc5d05d5fea9853f8283c48b/5C7FE777/t51.2885-15/e35/s240x240/44891365_254952428708420_4577589716061800483_n.jpg,320,320,https://instagram.fplu4-1.fna.fbcdn.net/vp/5a637105ebccd066c40e50440d759db7/5C6438CD/t51.2885-15/e35/s320x320/44891365_254952428708420_4577589716061800483_n.jpg,480,480,https://instagram.fplu4-1.fna.fbcdn.net/vp/0bdc9618d03a0918917df0ab32620c41/5C7B0D97/t51.2885-15/e35/s480x480/44891365_254952428708420_4577589716061800483_n.jpg,640,640,https://instagram.fplu4-1.fna.fbcdn.net/vp/df7377bf54c0b67658a50f19f4c9ada3/5C7F659A/t51.2885-15/sh0.08/e35/s640x640/44891365_254952428708420_4577589716061800483_n.jpg,https://instagram.fplu4-1.fna.fbcdn.net/vp/df7377bf54c0b67658a50f19f4c9ada3/5C7F659A/t51.2885-15/sh0.08/e35/s640x640/44891365_254952428708420_4577589716061800483_n.jpg,https://instagram.fplu4-1.fna.fbcdn.net/vp/6b48f693a69f1866579991fee47a131b/5C78947F/t51.2885-15/e35/44891365_254952428708420_4577589716061800483_n.jpg,,,,,,,,,,,https://instagram.fplu4-1.fna.fbcdn.net/vp/9661a66d75ddb9fefd40cbbe8eb561c4/5C7DD8A4/t51.2885-15/e35/45278444_1162669073908851_341815469253054079_n.jpg,https://instagram.fplu4-1.fna.fbcdn.net/vp/ee23f61bcc9617aefb2738d1617c435e/5C66BACA/t51.2885-15/e35/44774046_130463021275064_3539038686006605492_n.jpg,,,,,,,,false,,,,,,,,,,,,,,,,,,,,
943,1080,https://instagram.fplu4-1.fna.fbcdn.net/vp/b3269c1b86146ee73cbf3697304543e5/5C6A0A2B/t51.2885-15/e35/43358153_2410617449009664_2380683232091747692_n.jpg,1,1,"üìçArraial do Cabo - Praia do Forno üåä
Com √°guas claras, Arraial √© conhecido como o Caribe brasileiro.‚ù§Ô∏è‚ù§Ô∏è
_____
Arraial do Cabo, most known as the Brazilian Caribbean üíïüòç
.
.
.
.
#wanderlust #placestogo #traveller #arraialdocabo #rj #beach #penaestrada  #followme #amoviajar #dicas #tips #dicasdeviagens",0,1910385535475877511,false,"{""street_address"": ""Rua Santa Cruz"", ""zip_code"": ""28930-000"", ""city_name"": ""Arraial do Cabo"", ""region_name"": """", ""country_code"": ""BR"", ""exact_city_match"": false, ""exact_region_match"": false, ""exact_country_match"": false}",true,2058176354413231,Praia Do Forno,praia-do-forno,7417497565,BqDDYXaFYaH,1541955724,150,150,https://instagram.fplu4-1.fna.fbcdn.net/vp/3c5c5ca64602f332a56c94a29f3f297d/5C803019/t51.2885-15/e35/c68.0.943.943/s150x150/43358153_2410617449009664_2380683232091747692_n.jpg,240,240,https://instagram.fplu4-1.fna.fbcdn.net/vp/07f0af2a1e4999635a1b377536ab442c/5C89141F/t51.2885-15/e35/c68.0.943.943/s240x240/43358153_2410617449009664_2380683232091747692_n.jpg,320,320,https://instagram.fplu4-1.fna.fbcdn.net/vp/25b550fbbbde532daa5ec27bc3bcfd43/5C85C961/t51.2885-15/e35/c68.0.943.943/s320x320/43358153_2410617449009664_2380683232091747692_n.jpg,480,480,https://instagram.fplu4-1.fna.fbcdn.net/vp/618e23b71f9edf36395cc6485cb4fb27/5C66EC26/t51.2885-15/e35/c68.0.943.943/s480x480/43358153_2410617449009664_2380683232091747692_n.jpg,640,640,https://instagram.fplu4-1.fna.fbcdn.net/vp/b3bfd4ccdb8355711353b60929d0bef8/5C68C94F/t51.2885-15/sh0.08/e35/c68.0.943.943/s640x640/43358153_2410617449009664_2380683232091747692_n.jpg,https://instagram.fplu4-1.fna.fbcdn.net/vp/b3bfd4ccdb8355711353b60929d0bef8/5C68C94F/t51.2885-15/sh0.08/e35/c68.0.943.943/s640x640/43358153_2410617449009664_2380683232091747692_n.jpg,https://instagram.fplu4-1.fna.fbcdn.net/vp/b3269c1b86146ee73cbf3697304543e5/5C6A0A2B/t51.2885-15/e35/43358153_2410617449009664_2380683232091747692_n.jpg,wanderlust,dicasdeviagens,,penaestrada,traveller,amoviajar,arraialdocabo,dicas,tips,beach,,,,,,,,,,false,followme,rj,placestogo,,,,,,,,,,,,,,,,,
750,750,https://instagram.fplu4-1.fna.fbcdn.net/vp/904a4d32a75cb800db085374cda3bac0/5C64BB3C/t51.2885-15/e35/43621843_303520660261897_6939666141917522565_n.jpg,1,1,Vamos por Portugal... ali ver mais coisas do mund√£o! #amoviajar#casalemviagem#portugal#porto#viagem #amoviajar,0,1910385483641631151,false,,,,,,6780744280,BqDDXnIhbGv,1541955717,150,150,https://instagram.fplu4-1.fna.fbcdn.net/vp/16f3f3ef61dca485db4e94fe16b6c1e6/5C656A7E/t51.2885-15/e35/s150x150/43621843_303520660261897_6939666141917522565_n.jpg,240,240,https://instagram.fplu4-1.fna.fbcdn.net/vp/62676d8863409078ce29529b904afccd/5C84F534/t51.2885-15/e35/s240x240/43621843_303520660261897_6939666141917522565_n.jpg,320,320,https://instagram.fplu4-1.fna.fbcdn.net/vp/ea7dc89b0a113bd6b7e51eb2c5626518/5C7D8B8E/t51.2885-15/e35/s320x320/43621843_303520660261897_6939666141917522565_n.jpg,480,480,https://instagram.fplu4-1.fna.fbcdn.net/vp/c750b1aa3aceb787a3acae9afb906ddf/5C8883D4/t51.2885-15/e35/s480x480/43621843_303520660261897_6939666141917522565_n.jpg,640,640,https://instagram.fplu4-1.fna.fbcdn.net/vp/c27a55f379acc9a25981ac42a295ace4/5C89EBD9/t51.2885-15/sh0.08/e35/s640x640/43621843_303520660261897_6939666141917522565_n.jpg,https://instagram.fplu4-1.fna.fbcdn.net/vp/c27a55f379acc9a25981ac42a295ace4/5C89EBD9/t51.2885-15/sh0.08/e35/s640x640/43621843_303520660261897_6939666141917522565_n.jpg,https://instagram.fplu4-1.fna.fbcdn.net/vp/904a4d32a75cb800db085374cda3bac0/5C64BB3C/t51.2885-15/e35/43621843_303520660261897_6939666141917522565_n.jpg,porto,viagem,,portugal,casalemviagem,amoviajar,,,,,,,,,,,,,,false,,,,,,,,,,,,,,,,,,,,
1080,1080,https://instagram.fplu4-1.fna.fbcdn.net/vp/3846ed2b6ad9b1266422d28278d30165/5C89FC87/t51.2885-15/e35/43915023_1879115865537127_574570665070038176_n.jpg,8,8,"O Biergarten da Vila Bav√°ria est√° participando de 07 a 20 de novembro do 18¬∞ Petr√≥polis Gourmet com um menu especial de tr√™s passos. Conhe√ßa as delicias da serra e aproveite sua estadia conosco!

Estaremos servindo essa del√≠cia de Tornedor de Mignon.
.
Rede Pousadeiros
www.pousadeiros.com.br
Reserve pelo site com at√© 20%OFF
.
.
.
.
.
.
.
.
.
.
.
.
#Buzios #armacaodosbuzios #regiaodoslagosoficial #regiaodoslagos #amoviajar #veraochegando #buziosoficial #viagemeturismo #destinosincriveis #viajarfazbem #viagem #rjdosmeusolhos #paraiso #explorebrazil #travel #partiubuzios #praiasdebuzios #pousadeiros #descubrabuzios #vemprabuzios #fds #relax #viajarfazbem #viajar #buzios #petropolis #errejota #rj #itaipava #penaestrada",0,1910385091592725897,false,"{""street_address"": ""Avenida Country Club"", ""zip_code"": ""25730-430"", ""city_name"": ""Petr\u00f3polis, Rio de Janeiro, Brazil"", ""region_name"": """", ""country_code"": ""BR"", ""exact_city_match"": false, ""exact_region_match"": false, ""exact_country_match"": false}",true,1029143080,Hotel Vila Bav√°ria,hotel-vila-bavaria,3449908772,BqDDR6AliWJ,1541955671,150,150,https://instagram.fplu4-1.fna.fbcdn.net/vp/2e8fa29bff7f33b4586ceb5e522b04ca/5C6DB8C5/t51.2885-15/e35/s150x150/43915023_1879115865537127_574570665070038176_n.jpg,240,240,https://instagram.fplu4-1.fna.fbcdn.net/vp/20ca8e4fa45051a6851ac17f0a8e7d5e/5C74D18F/t51.2885-15/e35/s240x240/43915023_1879115865537127_574570665070038176_n.jpg,320,320,https://instagram.fplu4-1.fna.fbcdn.net/vp/d0ed5c5376c9e03e68ceac434d5ef7b5/5C6DBC35/t51.2885-15/e35/s320x320/43915023_1879115865537127_574570665070038176_n.jpg,480,480,https://instagram.fplu4-1.fna.fbcdn.net/vp/5aa5ba1a568378a32d0f6b4b09dfaa24/5C89EF6F/t51.2885-15/e35/s480x480/43915023_1879115865537127_574570665070038176_n.jpg,640,640,https://instagram.fplu4-1.fna.fbcdn.net/vp/0f0099a5bb406ca0299a20926f03908f/5C6A1662/t51.2885-15/sh0.08/e35/s640x640/43915023_1879115865537127_574570665070038176_n.jpg,https://instagram.fplu4-1.fna.fbcdn.net/vp/0f0099a5bb406ca0299a20926f03908f/5C6A1662/t51.2885-15/sh0.08/e35/s640x640/43915023_1879115865537127_574570665070038176_n.jpg,https://instagram.fplu4-1.fna.fbcdn.net/vp/3846ed2b6ad9b1266422d28278d30165/5C89FC87/t51.2885-15/e35/43915023_1879115865537127_574570665070038176_n.jpg,viajarfazbem,vemprabuzios,,penaestrada,pousadeiros,destinosincriveis,armacaodosbuzios,buziosoficial,itaipava,viajar,,,,,,,,,,false,explorebrazil,rjdosmeusolhos,petropolis,errejota,regiaodoslagosoficial,Buzios,rj,descubrabuzios,relax,partiubuzios,amoviajar,regiaodoslagos,paraiso,buzios,viagem,veraochegando,praiasdebuzios,viagemeturismo,fds,travel
